<Patch>

	<Operation Class="PatchOperationAdd">
		<xpath>Defs/IncidentDef[defName = "AmbrosiaSprout"]/allowedBiomes</xpath>
		<value>
			<li>TropicalArchipelago</li>
			<li>TropicalSwampArchipelago</li>
			<li>TemperateArchipelago</li>
			<li>TemperateSwampArchipelago</li>
			<li>BorealArchipelago</li>
			<li>DesertArchipelago</li>
		</value>
	</Operation>

	<Operation Class="PatchOperationAdd">
		<xpath>Defs/IncidentDef[defName = "Alphabeavers"]/allowedBiomes</xpath>
		<value>
			<li>BorealArchipelago</li>
			<li>TemperateArchipelago</li>
			<li>TemperateSwampArchipelago</li>
			<li>TropicalArchipelago</li>
			<li>TropicalSwampArchipelago</li>
		</value>
	</Operation>

</Patch>
